Title,Url,Price,Rating
"ZEBRONICS 24 Inch (60.4 Cm) Widescreen 1920 X 1080 Pixels LED Monitor, IPS, Ultra Slim, FHD 1920x1080, HDMI, VGA, 250nits, Built in Speaker, Wall mountable, 75hz ZEB-A24FHD, Black",https://www.amazon.in/Zebronics-ZEB-A24FHD-1920x1080-Brightness-mountable/dp/B09X3C3JXP/ref=sr_1_8?keywords=monitor&qid=1687106562&sr=8-8,7499,3.8 out of 5 stars
"Dell Professional 24 inches, 1920 x 1080 Pixels Full HD Monitor - Wall Mountable, Height Adjustable, IPS Panel with HDMI, VGA DP & USB Ports - P2422H (Black)",https://www.amazon.in/Dell-Professional-inch-Full-Monitor/dp/B096T36G8L/ref=sr_1_15?keywords=monitor&qid=1687106562&sr=8-15,14877,4.4 out of 5 stars
"Samsung 24-inch (60.46cm) 1920 X 1080 Pixels FHD Monitor, IPS, 75 Hz, Bezel Less Design, AMD FreeSync, Flicker Free, HDMI, D-sub, (LF24T350FHWXXL, Dark Blue Gray)",https://www.amazon.in/Samsung-inch-Bezel-Flicker-Monitor-LF24T350FHWXXL/dp/B08J82K4GX/ref=sr_1_4?keywords=monitor&qid=1687106562&sr=8-4,11499,4.3 out of 5 stars
"Samsung 24-inch (60.46cm) 1920 X 1080 Pixels FHD Monitor, IPS, 75 Hz, Bezel Less Design, AMD FreeSync, Flicker Free, HDMI, D-sub, (LF24T350FHWXXL, Dark Blue Gray)",https://www.amazon.in/Samsung-inch-Bezel-Flicker-Monitor-LF24T350FHWXXL/dp/B08J82K4GX/ref=sr_1_4?keywords=monitor&qid=1687106562&sr=8-4#customerReviews,11499,4.3 out of 5 stars
"LG 22Mp68Vq 22 Inch (55 Cm) LCD 1920 X 1080 Pixels IPS Monitor - Full Hd, with Vga, Hdmi, Dvi, Audio Out Ports (Black)",https://www.amazon.in/LG-22-inch-IPS-Monitor/dp/B09GWB35XV/ref=sr_1_16?keywords=monitor&qid=1687106562&sr=8-16,7999,4.4 out of 5 stars
"ZEBRONICS Zeb-V16HD LED Monitor with15.4 with Supporting HDMI, has VGA Input, HD 1280 x 800, Glossy Panel, Slim Feature and Wall mountable.",https://www.amazon.in/ZEBRONICS-Zeb-V16HD-LED-Supporting-mountable/dp/B0B4GD3TDV/ref=sr_1_6?keywords=monitor&qid=1687106562&sr=8-6,3299,3.5 out of 5 stars
"Acer HA270 27 Inch (68.58 Cm) 1920 X 1080 Pixels, Full HD IPS LCD Monitor with LED Back Light Technology I Ultra Slim, 6.6mm Thick Frameless Design AMD Free Sync Monitor (White)",https://www.amazon.in/Acer-HA270-Awmi-27-inch-Monitor/dp/B07JD7GKJP/ref=sr_1_7?keywords=monitor&qid=1687106562&sr=8-7#customerReviews,10299,4.3 out of 5 stars
"Acer EK240YC 23.8 Inch (60.4cm) Full HD (1920x1080) Pixels VA Panel LCD Monitor with LED Back Light I 250 Nits I HDMI, VGA Ports I Eye Care Features Like Bluelight Shield, (Black)",https://www.amazon.in/Acer-Features-Bluelight-Flickerless-Comfyview/dp/B09LD7Z9JH/ref=sr_1_17?keywords=monitor&qid=1687106562&sr=8-17#customerReviews,7410,4.2 out of 5 stars
"ZEBRONICS A22FHD LED (21.5"") (54.61 cm) LED 1920x1080 Pixels FHD Resolution Monitor with HDMI + VGA Dual Input, Built-in Speaker, Wall Mount Facility, max 220 Nits Brightness, Black",https://www.amazon.in/Zebronics-54-6cm-LED-Monitor-Black/dp/B07S957FFX/ref=sr_1_19?keywords=monitor&qid=1687106562&sr=8-19#customerReviews,4999,3.8 out of 5 stars
"ZEBRONICS A22FHD LED (21.5"") (54.61 cm) LED 1920x1080 Pixels FHD Resolution Monitor with HDMI + VGA Dual Input, Built-in Speaker, Wall Mount Facility, max 220 Nits Brightness, Black",https://www.amazon.in/Zebronics-54-6cm-LED-Monitor-Black/dp/B07S957FFX/ref=sr_1_19?keywords=monitor&qid=1687106562&sr=8-19,4999,3.8 out of 5 stars
"BenQ GW2480 24 inch (60 cm) 1920 x 1080 Pixels IPS Full HD Ultra-Slim Bezel Monitor- Eye Care, Anti-Glare, Brightness Intelligence, Low Blue Light, HDMI, DP, Speakers, VESA Wall Mountable (Black)",https://www.amazon.in/BenQ-23-8-inch-Monitor-Built/dp/B073NTCT4Q/ref=sr_1_10?keywords=monitor&qid=1687106562&sr=8-10#customerReviews,9349,4.4 out of 5 stars
"Acer EK220Q 21.5 Inch (54.61 cm) Full HD (1920x1080) VA Panel LCD Monitor with LED Back Light I 1 MS VRB, 100Hz Refresh I 250 Nits I HDMI & VGA Ports with HDMI Cable I Eye Care Features (Black)",https://www.amazon.in/Acer-1920x1080-Monitor-Refresh-Features/dp/B0BXP3CP9K/ref=sr_1_3?keywords=monitor&qid=1687106562&sr=8-3#customerReviews,6065,4.2 out of 5 stars
LG 27Ml600 Full Hd 27 Inch (69 Cm) LCD 1920 X 1080 Pixels IPS Monitor 3 Side Borderless Design - Dual Hdmi & Vga Port - Reader Mode and Flicker Free Screen (Work & Education) - (White),https://www.amazon.in/LG-Full-Monitor-Borderless-Design/dp/B08CF2VYB6/ref=sr_1_14?keywords=monitor&qid=1687106562&sr=8-14,13999,4.4 out of 5 stars
"ZEBRONICS Zeb-V16HD LED Monitor with15.4 with Supporting HDMI, has VGA Input, HD 1280 x 800, Glossy Panel, Slim Feature and Wall mountable.",https://www.amazon.in/ZEBRONICS-Zeb-V16HD-LED-Supporting-mountable/dp/B0B4GD3TDV/ref=sr_1_6?keywords=monitor&qid=1687106562&sr=8-6#customerReviews,3299,3.5 out of 5 stars
"LG 60 cm/24 inches Full HD IPS 1920 x 1080 Pixels LCD Monitor, Inbuilt Speaker, HDMI x 2, VGA Port, 75 Hz Refresh Rate, AMD Freesync, 3 Side Borderless Slim Design - 24ML600S-W (White)",https://www.amazon.in/LG-24-inch-Monitor-Freesync-Borderless/dp/B08J5Y9ZSV/ref=sr_1_18?keywords=monitor&qid=1687106562&sr=8-18#customerReviews,10999,4.4 out of 5 stars
"ZEBRONICS 24 Inch (60.4 Cm) Widescreen 1920 X 1080 Pixels LED Monitor, IPS, Ultra Slim, FHD 1920x1080, HDMI, VGA, 250nits, Built in Speaker, Wall mountable, 75hz ZEB-A24FHD, Black",https://www.amazon.in/Zebronics-ZEB-A24FHD-1920x1080-Brightness-mountable/dp/B09X3C3JXP/ref=sr_1_8?keywords=monitor&qid=1687106562&sr=8-8#customerReviews,7499,3.8 out of 5 stars
"Acer HA270 27 Inch (68.58 Cm) 1920 X 1080 Pixels, Full HD IPS LCD Monitor with LED Back Light Technology I Ultra Slim, 6.6mm Thick Frameless Design AMD Free Sync Monitor (White)",https://www.amazon.in/Acer-HA270-Awmi-27-inch-Monitor/dp/B07JD7GKJP/ref=sr_1_7?keywords=monitor&qid=1687106562&sr=8-7,10299,4.3 out of 5 stars
"Acer EK220Q 21.5 Inch (54.61 cm) Full HD (1920x1080) VA Panel LCD Monitor with LED Back Light I 1 MS VRB, 100Hz Refresh I 250 Nits I HDMI & VGA Ports with HDMI Cable I Eye Care Features (Black)",https://www.amazon.in/Acer-1920x1080-Monitor-Refresh-Features/dp/B0BXP3CP9K/ref=ice_ac_b_dpb?keywords=monitor&qid=1687106562&sr=8-3,6065,4.2 out of 5 stars
"Dell Professional 24 inches, 1920 x 1080 Pixels Full HD Monitor - Wall Mountable, Height Adjustable, IPS Panel with HDMI, VGA DP & USB Ports - P2422H (Black)",https://www.amazon.in/Dell-Professional-inch-Full-Monitor/dp/B096T36G8L/ref=sr_1_15?keywords=monitor&qid=1687106562&sr=8-15#customerReviews,14877,4.4 out of 5 stars
"Acer EK220Q 21.5 Inch (54.61 cm) Full HD (1920x1080) VA Panel LCD Monitor with LED Back Light I 1 MS VRB, 100Hz Refresh I 250 Nits I HDMI & VGA Ports with HDMI Cable I Eye Care Features (Black)",https://www.amazon.in/Acer-1920x1080-Monitor-Refresh-Features/dp/B0BXP3CP9K/ref=sr_1_3?keywords=monitor&qid=1687106562&sr=8-3,6065,4.2 out of 5 stars
"ZEBRONICS AC32FHD LED Curved 75Hz 80Cm (32"") (81.28 Cm) 1920x1080 Pixels FHD Resolution Monitor with HDMI + VGA Dual Input, Built-in Speaker, Max 250 Nits Brightness, Black",https://www.amazon.in/Zebronics-1920x1080-Resolution-Facility-Brightness/dp/B09XK4GCY1/ref=sr_1_9?keywords=monitor&qid=1687106562&sr=8-9,12399,3.7 out of 5 stars
"ZEBRONICS Zeb-V19Hd 18.5 Inch (46.99 Cm) Led Monitor with Supporting Hdmi, Vga Input, Hd 1366 X 768 Pixels, 16.7M Colors, Glossy Panel, Slim Design & Wall Mountable, Black",https://www.amazon.in/ZEBRONICS-ZEB-V19HD-LED-Supporting-Mountable/dp/B09GG4FT99/ref=sr_1_5?keywords=monitor&qid=1687106562&sr=8-5#customerReviews,3999,3.5 out of 5 stars
"ZEBRONICS AC32FHD LED Curved 75Hz 80Cm (32"") (81.28 Cm) 1920x1080 Pixels FHD Resolution Monitor with HDMI + VGA Dual Input, Built-in Speaker, Max 250 Nits Brightness, Black",https://www.amazon.in/Zebronics-1920x1080-Resolution-Facility-Brightness/dp/B09XK4GCY1/ref=sr_1_9?keywords=monitor&qid=1687106562&sr=8-9#customerReviews,12399,3.7 out of 5 stars
"BenQ GW2480 24 inch (60 cm) 1920 x 1080 Pixels IPS Full HD Ultra-Slim Bezel Monitor- Eye Care, Anti-Glare, Brightness Intelligence, Low Blue Light, HDMI, DP, Speakers, VESA Wall Mountable (Black)",https://www.amazon.in/BenQ-23-8-inch-Monitor-Built/dp/B073NTCT4Q/ref=sr_1_10?keywords=monitor&qid=1687106562&sr=8-10,9349,4.4 out of 5 stars
"BenQ GW2780 27 inch (68 cm) 1920 x 1080 Pixels IPS Full HD Ultra-Slim Bezel Monitor- Eye Care, Anti-Glare, Brightness Intelligence, Speakers, Low Blue Light, HDMI, DP, VESA Wall Mountable (Black)",https://www.amazon.in/BenQ-inch-Bezel-Monitor-Built/dp/B073NTCT4R/ref=sr_1_13?keywords=monitor&qid=1687106562&sr=8-13,12989,4.4 out of 5 stars
"LG 60 cm/24 inches Full HD IPS 1920 x 1080 Pixels LCD Monitor, Inbuilt Speaker, HDMI x 2, VGA Port, 75 Hz Refresh Rate, AMD Freesync, 3 Side Borderless Slim Design - 24ML600S-W (White)",https://www.amazon.in/LG-24-inch-Monitor-Freesync-Borderless/dp/B08J5Y9ZSV/ref=sr_1_18?keywords=monitor&qid=1687106562&sr=8-18,10999,4.4 out of 5 stars
"ViewSonic VA1903H-2 19-Inch WXGA 1366x768 Pixels 16:9 Widescreen Monitor with Enhanced View Comfort, Custom ViewModes and HDMI for Home and Office,Black (LED Backlit Display)",https://www.amazon.in/ViewSonic-VA1903H-2-19-Inch-WXGA-1366x768p/dp/B086XMFNW6/ref=sr_1_20?keywords=monitor&qid=1687106562&sr=8-20#customerReviews,5299,4.2 out of 5 stars
"ViewSonic VA1903H-2 19-Inch WXGA 1366x768 Pixels 16:9 Widescreen Monitor with Enhanced View Comfort, Custom ViewModes and HDMI for Home and Office,Black (LED Backlit Display)",https://www.amazon.in/ViewSonic-VA1903H-2-19-Inch-WXGA-1366x768p/dp/B086XMFNW6/ref=sr_1_20?keywords=monitor&qid=1687106562&sr=8-20,5299,4.2 out of 5 stars
"Acer EK240YC 23.8 Inch (60.4cm) Full HD (1920x1080) Pixels VA Panel LCD Monitor with LED Back Light I 250 Nits I HDMI, VGA Ports I Eye Care Features Like Bluelight Shield, (Black)",https://www.amazon.in/Acer-Features-Bluelight-Flickerless-Comfyview/dp/B09LD7Z9JH/ref=sr_1_17?keywords=monitor&qid=1687106562&sr=8-17,7410,4.2 out of 5 stars
"LG 22Mp68Vq 22 Inch (55 Cm) LCD 1920 X 1080 Pixels IPS Monitor - Full Hd, with Vga, Hdmi, Dvi, Audio Out Ports (Black)",https://www.amazon.in/LG-22-inch-IPS-Monitor/dp/B09GWB35XV/ref=sr_1_16?keywords=monitor&qid=1687106562&sr=8-16#customerReviews,7999,4.4 out of 5 stars
"ZEBRONICS Zeb-V19Hd 18.5 Inch (46.99 Cm) Led Monitor with Supporting Hdmi, Vga Input, Hd 1366 X 768 Pixels, 16.7M Colors, Glossy Panel, Slim Design & Wall Mountable, Black",https://www.amazon.in/ZEBRONICS-ZEB-V19HD-LED-Supporting-Mountable/dp/B09GG4FT99/ref=sr_1_5?keywords=monitor&qid=1687106562&sr=8-5,3999,3.5 out of 5 stars
"BenQ GW2780 27 inch (68 cm) 1920 x 1080 Pixels IPS Full HD Ultra-Slim Bezel Monitor- Eye Care, Anti-Glare, Brightness Intelligence, Speakers, Low Blue Light, HDMI, DP, VESA Wall Mountable (Black)",https://www.amazon.in/BenQ-inch-Bezel-Monitor-Built/dp/B073NTCT4R/ref=sr_1_13?keywords=monitor&qid=1687106562&sr=8-13#customerReviews,12989,4.4 out of 5 stars
LG 27Ml600 Full Hd 27 Inch (69 Cm) LCD 1920 X 1080 Pixels IPS Monitor 3 Side Borderless Design - Dual Hdmi & Vga Port - Reader Mode and Flicker Free Screen (Work & Education) - (White),https://www.amazon.in/LG-Full-Monitor-Borderless-Design/dp/B08CF2VYB6/ref=sr_1_14?keywords=monitor&qid=1687106562&sr=8-14#customerReviews,13999,4.4 out of 5 stars
